<?xml version="1.0" encoding="UTF-8" standalone="yes"?><rummikub current_player="a" name="a"><players><player type="HUMAN" name="a"><tiles><tile color="RED" value="11"/><tile color="BLACK" value="3"/><tile color="YELLOW" value="3"/><tile color="YELLOW" value="4"/><tile color="BLUE" value="4"/><tile color="BLUE" value="4"/><tile color="RED" value="1"/><tile color="BLACK" value="6"/><tile color="BLUE" value="11"/><tile color="RED" value="10"/><tile color="BLUE" value="10"/><tile color="BLACK" value="12"/><tile color="YELLOW" value="13"/><tile color="BLACK" value="3"/></tiles></player><player type="COMPUTER" name="Bot1"><tiles><tile color="BLUE" value="8"/><tile color="BLUE" value="2"/><tile color="BLUE" value="6"/><tile color="BLUE" value="12"/><tile color="RED" value="3"/><tile color="BLUE" value="6"/><tile color="RED" value="9"/><tile color="BLUE" value="13"/><tile color="YELLOW" value="12"/><tile color="RED" value="2"/><tile color="YELLOW" value="2"/><tile color="BLUE" value="3"/><tile color="YELLOW" value="1"/><tile color="YELLOW" value="4"/></tiles></player></players><board/></rummikub>