<?xml version="1.0" encoding="UTF-8"?>
<project-private xmlns="http://www.netbeans.org/ns/project-private/1">
    <editor-bookmarks xmlns="http://www.netbeans.org/ns/editor-bookmarks/2" lastBookmarkId="0"/>
    <open-files xmlns="http://www.netbeans.org/ns/projectui-open-files/2">
        <group>
            <file>file:/C:/Rummikub/RummikubGUI/src/mvcViewComponent/gui/gameScene/GameSceneView.fxml</file>
            <file>file:/C:/Rummikub/RummikubGUI/src/mvcViewComponent/gui/gameViewElements/cardView/CardView.java</file>
            <file>file:/C:/Rummikub/RummikubGUI/src/mvcViewComponent/gui/gameViewElements/cardView/CardView.fxml</file>
            <file>file:/C:/Rummikub/RummikubGUI/src/mvcViewComponent/gui/gameViewElements/gameView/GameView.java</file>
            <file>file:/C:/Rummikub/RummikubGUI/src/mvcViewComponent/gui/sceneController/ScreensController.java</file>
            <file>file:/C:/Rummikub/RummikubGUI/src/mvcViewComponent/gui/gameViewElements/gameView/GameView.fxml</file>
            <file>file:/C:/Rummikub/RummikubGUI/src/mvcViewComponent/gui/gameViewElements/cardSetView/CardSetView.fxml</file>
            <file>file:/C:/Rummikub/RummikubGUI/src/mvcViewComponent/gui/gameViewElements/boardView/BoardView.fxml</file>
            <file>file:/C:/Rummikub/RummikubGUI/src/mvcControllerComponent/GameController.java</file>
            <file>file:/C:/Rummikub/RummikubGUI/src/mvcViewComponent/gui/gameViewElements/playerView/PlayerView.fxml</file>
            <file>file:/C:/Rummikub/RummikubGUI/src/mvcViewComponent/gui/mainMenu/MainMenu.java</file>
        </group>
    </open-files>
</project-private>
