<?xml version='1.0' encoding='UTF-8' ?>
<schemas xmlns='http://xml.netbeans.org/schema/JAXBWizConfig' destdir='build/generated-sources/jaxb' projectName='RummikubConsole' version='1.0'>
	<schema type='-xmlschema' package='' name='rummikubSchema'>
		<xjc-options>
		</xjc-options>
		<schema-sources>
			<schema-source location='xml-resources/jaxb/rummikubSchema/rummikub.xsd' origLocation='src/mvcModelComponent/xmlFiles/rummikub.xsd'/>
		</schema-sources>
		<bindings>
		</bindings>
		<catalog/>
	</schema>
</schemas>
