<?xml version="1.0" encoding="UTF-8"?>
<project-private xmlns="http://www.netbeans.org/ns/project-private/1">
    <editor-bookmarks xmlns="http://www.netbeans.org/ns/editor-bookmarks/2" lastBookmarkId="0"/>
    <open-files xmlns="http://www.netbeans.org/ns/projectui-open-files/2">
        <group>
            <file>file:/C:/Rummikub/RummikubGUI/src/mvcViewComponent/gui/gameScene/GameSceneView.fxml</file>
            <file>file:/C:/Rummikub/RummikubGUI/src/mvcViewComponent/gui/newGameScene/NewGameSceneController.java</file>
            <file>file:/C:/Rummikub/RummikubGUI/src/mvcViewComponent/gui/gameScene/GameSceneView.java</file>
            <file>file:/C:/Rummikub/RummikubGUI/src/mvcControllerComponent/GameLobbyManager.java</file>
            <file>file:/C:/Rummikub/RummikubGUI/src/mvcControllerComponent/WebClient.java</file>
            <file>file:/C:/Rummikub/RummikubGUI/src/mvcControllerComponent/GameController.java</file>
            <file>file:/C:/Rummikub/RummikubGUI/src/mvcViewComponent/gui/mainMenu/MainMenu.java</file>
        </group>
    </open-files>
</project-private>
