<?xml version="1.0" encoding="UTF-8"?><!--
        *** GENERATED FROM jax-ws.xml - DO NOT EDIT !                             ***
        *** TO MODIFY wsimport options USE Web Service node -> Edit WS Attributes ***
        *** TO CHANGE TARGETS GENERATED TO jaxws-build.xml COPY THOSE             ***
        *** TARGETS TO ../build.xml AND MODIFY THAT FILE INSTEAD                  ***

        --><project xmlns:j2seproject3="http://www.netbeans.org/ns/j2se-project/3" xmlns:xalan="http://xml.apache.org/xslt" xmlns:jaxws="http://www.netbeans.org/ns/jax-ws/1">
    <!--
                ===================
                JAX-WS WSIMPORT SECTION
                ===================
            -->
    <target name="wsimport-init" depends="init">
        <mkdir dir="${build.generated.sources.dir}/jax-ws"/>
        <taskdef name="wsimport" classname="com.sun.tools.ws.ant.WsImport">
            <classpath path="${libs.jaxws21.classpath}"/>
        </taskdef>
    </target>
    <target name="wsimport-client-RummikubWebServiceService" depends="wsimport-init">
        <mkdir dir="${build.generated.dir}/jax-wsCache/RummikubWebServiceService"/>
        <property name="wsdl-RummikubWebServiceService" location="xml-resources/web-service-references/RummikubWebServiceService/wsdl/mobedu3.mtacloud.co.il_8080/RummikubWebServer/RummikubWebServiceService.wsdl"/>
        <wsimport sourcedestdir="${build.generated.dir}/jax-wsCache/RummikubWebServiceService" destdir="${build.generated.dir}/jax-wsCache/RummikubWebServiceService" wsdl="${wsdl-RummikubWebServiceService}" catalog="catalog.xml" encoding="${source.encoding}" extension="true" verbose="true" fork="false" wsdlLocation="http://mobedu3.mtacloud.co.il:8080/RummikubWebServer/RummikubWebServiceService?wsdl" xnocompile="true" xendorsed="true" package="mvcControllerComponent.client.ws">
            <depends file="${wsdl-RummikubWebServiceService}"/>
            <produces dir="${build.generated.dir}/jax-wsCache/RummikubWebServiceService"/>
        </wsimport>
        <copy todir="${build.generated.sources.dir}/jax-ws">
            <fileset dir="${build.generated.dir}/jax-wsCache/RummikubWebServiceService">
                <include name="**/*.java"/>
            </fileset>
        </copy>
    </target>
    <target name="wsimport-client-clean-RummikubWebServiceService" depends="-init-project">
        <delete dir="${build.generated.dir}/jax-wsCache/RummikubWebServiceService"/>
        <delete dir="${build.generated.sources.dir}/jax-ws/mvcControllerComponent/client/ws"/>
    </target>
    <target name="wsimport-client-generate" depends="wsimport-client-RummikubWebServiceService"/>
</project>
