<?xml version="1.0" encoding="UTF-8"?>
<project-private xmlns="http://www.netbeans.org/ns/project-private/1">
    <editor-bookmarks xmlns="http://www.netbeans.org/ns/editor-bookmarks/2" lastBookmarkId="0"/>
    <open-files xmlns="http://www.netbeans.org/ns/projectui-open-files/2">
        <group>
            <file>file:/C:/Rummikub/RummikubWebServer/src/java/controller/LobbyManager.java</file>
            <file>file:/C:/Rummikub/RummikubWebServer/build/generated-sources/jax-ws/ws/rummikub/PlayerDetails.java</file>
            <file>file:/C:/Rummikub/RummikubWebServer/build/generated-sources/jax-ws/ws/rummikub/Event.java</file>
            <file>file:/C:/Rummikub/RummikubWebServer/src/java/mvcControllerComponent/GameController.java</file>
            <file>file:/C:/Rummikub/RummikubWebServer/nbproject/build-impl.xml</file>
            <file>file:/C:/Rummikub/RummikubWebServer/src/java/ws/server/RummiWS.java</file>
        </group>
    </open-files>
</project-private>
